{"cameraMode":{"drawMode":0,"name":"Shaded","section":"Shading Mode"},"sceneLighting":false,"audioPlay":false,"sceneViewState":{"showFog":true,"showMaterialUpdate":false,"showSkybox":true,"showFlares":true,"showImageEffects":true,"showParticleSystems":true},"in2DMode":false,"pivot":{"x":-0.07202339172363281,"y":1.6540480852127076,"z":-0.6292959451675415},"rotation":{"x":0.0059465207159519199,"y":0.7505894899368286,"z":-0.006755493581295013,"w":0.6607071161270142},"size":2.4247448444366457,"orthographic":false}